passengerid,name,source ,destination
1,Sumeet,Katraj,Hadapsar
2,Rushi,Aundh,Hadapsar
3,Kuldeep,Baner,Shivaji nagar
4,Prasad,Shivaji nagar,balewadi
5,Sumeet,Katraj,Hadapsar
6,Rushi,Aundh,Hadapsar
7,Kuldeep,Baner,Shivaji nagar
8,Prasad,Shivaji nagar,balewadi
9,Sumeet,Katraj,Hadapsar
10,Rushi,Aundh,Hadapsar
11,Kuldeep,Baner,Shivaji nagar
12,Prasad,Shivaji nagar,balewadi
13,Sumeet,Katraj,Hadapsar
14,Rushi,Aundh,Hadapsar
15,Sumeet,Katraj,Hadapsar
16,Rushi,Aundh,Hadapsar
17,Kuldeep,Baner,Shivaji nagar
18,Prasad,Shivaji nagar,balewadi
19,Sumeet,Katraj,Hadapsar
20,Rushi,Aundh,Hadapsar
21,Kuldeep,Baner,Shivaji nagar
22,Prasad,Shivaji nagar,balewadi
23,Sumeet,Katraj,Hadapsar
24,Rushi,Aundh,Hadapsar
25,Kuldeep,Baner,Shivaji nagar
26,Prasad,Shivaji nagar,balewadi
27,Sumeet,Katraj,Hadapsar
28,Rushi,Aundh,Hadapsar
29,Sumeet,Katraj,Hadapsar
30,Rushi,Aundh,Hadapsar
31,Kuldeep,Baner,Shivaji nagar
32,Prasad,Shivaji nagar,balewadi
33,Sumeet,Katraj,Hadapsar
34,Rushi,Aundh,Hadapsar
35,Kuldeep,Baner,Shivaji nagar
36,Prasad,Shivaji nagar,balewadi
37,Sumeet,Katraj,Hadapsar
38,Rushi,Aundh,Hadapsar
39,Kuldeep,Baner,Shivaji nagar
40,Prasad,Shivaji nagar,balewadi
41,Sumeet,Katraj,Hadapsar
42,Rushi,Aundh,Hadapsar
43,Sumeet,Katraj,Hadapsar
44,Rushi,Aundh,Hadapsar
45,Kuldeep,Baner,Shivaji nagar
46,Prasad,Shivaji nagar,balewadi
47,Sumeet,Katraj,Hadapsar
48,Rushi,Aundh,Hadapsar
49,Kuldeep,Baner,Shivaji nagar
50,Prasad,Shivaji nagar,balewadi
51,Sumeet,Katraj,Hadapsar
52,Rushi,Aundh,Hadapsar
53,Kuldeep,Baner,Shivaji nagar
54,Prasad,Shivaji nagar,balewadi
55,Sumeet,Katraj,Hadapsar
56,Rushi,Aundh,Hadapsar
57,Sumeet,Katraj,Hadapsar
58,Rushi,Aundh,Hadapsar
59,Kuldeep,Baner,Shivaji nagar
60,Prasad,Shivaji nagar,balewadi
61,Sumeet,Katraj,Hadapsar
62,Rushi,Aundh,Hadapsar
63,Kuldeep,Baner,Shivaji nagar
64,Prasad,Shivaji nagar,balewadi
65,Sumeet,Katraj,Hadapsar
66,Rushi,Aundh,Hadapsar
67,Kuldeep,Baner,Shivaji nagar
68,Prasad,Shivaji nagar,balewadi
69,Sumeet,Katraj,Hadapsar
70,Rushi,Aundh,Hadapsar
71,Sumeet,Katraj,Hadapsar
72,Rushi,Aundh,Hadapsar
73,Kuldeep,Baner,Shivaji nagar
74,Prasad,Shivaji nagar,balewadi
75,Sumeet,Katraj,Hadapsar
76,Rushi,Aundh,Hadapsar
77,Kuldeep,Baner,Shivaji nagar
78,Prasad,Shivaji nagar,balewadi
79,Sumeet,Katraj,Hadapsar
80,Rushi,Aundh,Hadapsar
81,Kuldeep,Baner,Shivaji nagar
82,Prasad,Shivaji nagar,balewadi
83,Sumeet,Katraj,Hadapsar
84,Rushi,Aundh,Hadapsar
85,Sumeet,Katraj,Hadapsar
86,Rushi,Aundh,Hadapsar
87,Kuldeep,Baner,Shivaji nagar
88,Prasad,Shivaji nagar,balewadi
89,Sumeet,Katraj,Hadapsar
90,Rushi,Aundh,Hadapsar
91,Kuldeep,Baner,Shivaji nagar
92,Prasad,Shivaji nagar,balewadi
93,Sumeet,Katraj,Hadapsar
94,Rushi,Aundh,Hadapsar
95,Kuldeep,Baner,Shivaji nagar
96,Prasad,Shivaji nagar,balewadi
97,Sumeet,Katraj,Hadapsar
98,Rushi,Aundh,Hadapsar
99,Sumeet,Katraj,Hadapsar
100,Rushi,Aundh,Hadapsar
101,Kuldeep,Baner,Shivaji nagar
102,Prasad,Shivaji nagar,balewadi
103,Sumeet,Katraj,Hadapsar
104,Rushi,Aundh,Hadapsar
105,Kuldeep,Baner,Shivaji nagar
106,Prasad,Shivaji nagar,balewadi
107,Sumeet,Katraj,Hadapsar
108,Rushi,Aundh,Hadapsar
109,Kuldeep,Baner,Shivaji nagar
110,Prasad,Shivaji nagar,balewadi
111,Sumeet,Katraj,Hadapsar
112,Rushi,Aundh,Hadapsar
113,Sumeet,Katraj,Hadapsar
114,Rushi,Aundh,Hadapsar
115,Kuldeep,Baner,Shivaji nagar
116,Prasad,Shivaji nagar,balewadi
117,Sumeet,Katraj,Hadapsar
118,Rushi,Aundh,Hadapsar
119,Kuldeep,Baner,Shivaji nagar
120,Prasad,Shivaji nagar,balewadi
121,Sumeet,Katraj,Hadapsar
122,Rushi,Aundh,Hadapsar
123,Kuldeep,Baner,Shivaji nagar
124,Prasad,Shivaji nagar,balewadi
125,Sumeet,Katraj,Hadapsar
126,Rushi,Aundh,Hadapsar
127,Sumeet,Katraj,Hadapsar
128,Rushi,Aundh,Hadapsar
129,Kuldeep,Baner,Shivaji nagar
130,Prasad,Shivaji nagar,balewadi
131,Sumeet,Katraj,Hadapsar
132,Rushi,Aundh,Hadapsar
133,Kuldeep,Baner,Shivaji nagar
134,Prasad,Shivaji nagar,balewadi
135,Sumeet,Katraj,Hadapsar
136,Rushi,Aundh,Hadapsar
137,Kuldeep,Baner,Shivaji nagar
138,Prasad,Shivaji nagar,balewadi
139,Sumeet,Katraj,Hadapsar
140,Rushi,Aundh,Hadapsar
141,Sumeet,Katraj,Hadapsar
142,Rushi,Aundh,Hadapsar
143,Kuldeep,Baner,Shivaji nagar
144,Prasad,Shivaji nagar,balewadi
145,Sumeet,Katraj,Hadapsar
146,Rushi,Aundh,Hadapsar
147,Kuldeep,Baner,Shivaji nagar
148,Prasad,Shivaji nagar,balewadi
149,Sumeet,Katraj,Hadapsar
150,Rushi,Aundh,Hadapsar
151,Kuldeep,Baner,Shivaji nagar
152,Prasad,Shivaji nagar,balewadi
153,Sumeet,Katraj,Hadapsar
154,Rushi,Aundh,Hadapsar
155,Sumeet,Katraj,Hadapsar
156,Rushi,Aundh,Hadapsar
157,Kuldeep,Baner,Shivaji nagar
158,Prasad,Shivaji nagar,balewadi
159,Sumeet,Katraj,Hadapsar
160,Rushi,Aundh,Hadapsar
161,Kuldeep,Baner,Shivaji nagar
162,Prasad,Shivaji nagar,balewadi
163,Sumeet,Katraj,Hadapsar
164,Rushi,Aundh,Hadapsar
165,Kuldeep,Baner,Shivaji nagar
166,Prasad,Shivaji nagar,balewadi
167,Sumeet,Katraj,Hadapsar
168,Rushi,Aundh,Hadapsar
169,Sumeet,Katraj,Hadapsar
170,Rushi,Aundh,Hadapsar
171,Kuldeep,Baner,Shivaji nagar
172,Prasad,Shivaji nagar,balewadi
173,Sumeet,Katraj,Hadapsar
174,Rushi,Aundh,Hadapsar
175,Kuldeep,Baner,Shivaji nagar
176,Prasad,Shivaji nagar,balewadi
177,Sumeet,Katraj,Hadapsar
178,Rushi,Aundh,Hadapsar
179,Kuldeep,Baner,Shivaji nagar
180,Prasad,Shivaji nagar,balewadi
181,Sumeet,Katraj,Hadapsar
182,Rushi,Aundh,Hadapsar
183,Sumeet,Katraj,Hadapsar
184,Rushi,Aundh,Hadapsar
185,Kuldeep,Baner,Shivaji nagar
186,Prasad,Shivaji nagar,balewadi
187,Sumeet,Katraj,Hadapsar
188,Rushi,Aundh,Hadapsar
189,Kuldeep,Baner,Shivaji nagar
190,Prasad,Shivaji nagar,balewadi
191,Sumeet,Katraj,Hadapsar
192,Rushi,Aundh,Hadapsar
193,Kuldeep,Baner,Shivaji nagar
194,Prasad,Shivaji nagar,balewadi
195,Sumeet,Katraj,Hadapsar
196,Rushi,Aundh,Hadapsar
197,Sumeet,Katraj,Hadapsar
198,Rushi,Aundh,Hadapsar
199,Kuldeep,Baner,Shivaji nagar
200,Prasad,Shivaji nagar,balewadi
201,Sumeet,Katraj,Hadapsar
202,Rushi,Aundh,Hadapsar
203,Kuldeep,Baner,Shivaji nagar
204,Prasad,Shivaji nagar,balewadi
205,Sumeet,Katraj,Hadapsar
206,Rushi,Aundh,Hadapsar
207,Kuldeep,Baner,Shivaji nagar
208,Prasad,Shivaji nagar,balewadi
209,Sumeet,Katraj,Hadapsar
210,Rushi,Aundh,Hadapsar
211,Sumeet,Katraj,Hadapsar
212,Rushi,Aundh,Hadapsar
213,Kuldeep,Baner,Shivaji nagar
214,Prasad,Shivaji nagar,balewadi
215,Sumeet,Katraj,Hadapsar
216,Rushi,Aundh,Hadapsar
217,Kuldeep,Baner,Shivaji nagar
218,Prasad,Shivaji nagar,balewadi
219,Sumeet,Katraj,Hadapsar
220,Rushi,Aundh,Hadapsar
221,Kuldeep,Baner,Shivaji nagar
222,Prasad,Shivaji nagar,balewadi
223,Sumeet,Katraj,Hadapsar
224,Rushi,Aundh,Hadapsar
225,Sumeet,Katraj,Hadapsar
226,Rushi,Aundh,Hadapsar
227,Kuldeep,Baner,Shivaji nagar
228,Prasad,Shivaji nagar,balewadi
229,Sumeet,Katraj,Hadapsar
230,Rushi,Aundh,Hadapsar
231,Kuldeep,Baner,Shivaji nagar
232,Prasad,Shivaji nagar,balewadi
233,Sumeet,Katraj,Hadapsar
234,Rushi,Aundh,Hadapsar
235,Kuldeep,Baner,Shivaji nagar
236,Prasad,Shivaji nagar,balewadi
237,Sumeet,Katraj,Hadapsar
238,Rushi,Aundh,Hadapsar
239,Sumeet,Katraj,Hadapsar
240,Rushi,Aundh,Hadapsar
241,Kuldeep,Baner,Shivaji nagar
242,Prasad,Shivaji nagar,balewadi
243,Sumeet,Katraj,Hadapsar
244,Rushi,Aundh,Hadapsar
245,Kuldeep,Baner,Shivaji nagar
246,Prasad,Shivaji nagar,balewadi
247,Sumeet,Katraj,Hadapsar
248,Rushi,Aundh,Hadapsar
249,Kuldeep,Baner,Shivaji nagar
250,Prasad,Shivaji nagar,balewadi
251,Sumeet,Katraj,Hadapsar
252,Rushi,Aundh,Hadapsar
253,Sumeet,Katraj,Hadapsar
254,Rushi,Aundh,Hadapsar
255,Kuldeep,Baner,Shivaji nagar
256,Prasad,Shivaji nagar,balewadi
257,Sumeet,Katraj,Hadapsar
258,Rushi,Aundh,Hadapsar
259,Kuldeep,Baner,Shivaji nagar
260,Prasad,Shivaji nagar,balewadi
261,Sumeet,Katraj,Hadapsar
262,Rushi,Aundh,Hadapsar
263,Kuldeep,Baner,Shivaji nagar
264,Prasad,Shivaji nagar,balewadi
265,Sumeet,Katraj,Hadapsar
266,Rushi,Aundh,Hadapsar
267,Sumeet,Katraj,Hadapsar
268,Rushi,Aundh,Hadapsar
269,Kuldeep,Baner,Shivaji nagar
270,Prasad,Shivaji nagar,balewadi
271,Sumeet,Katraj,Hadapsar
272,Rushi,Aundh,Hadapsar
273,Kuldeep,Baner,Shivaji nagar
274,Prasad,Shivaji nagar,balewadi
275,Sumeet,Katraj,Hadapsar
276,Rushi,Aundh,Hadapsar
277,Kuldeep,Baner,Shivaji nagar
278,Prasad,Shivaji nagar,balewadi
279,Sumeet,Katraj,Hadapsar
280,Rushi,Aundh,Hadapsar
281,Sumeet,Katraj,Hadapsar
282,Rushi,Aundh,Hadapsar
283,Kuldeep,Baner,Shivaji nagar
284,Prasad,Shivaji nagar,balewadi
285,Sumeet,Katraj,Hadapsar
286,Rushi,Aundh,Hadapsar
287,Kuldeep,Baner,Shivaji nagar
288,Prasad,Shivaji nagar,balewadi
289,Sumeet,Katraj,Hadapsar
290,Rushi,Aundh,Hadapsar
291,Kuldeep,Baner,Shivaji nagar
292,Prasad,Shivaji nagar,balewadi
293,Sumeet,Katraj,Hadapsar
294,Rushi,Aundh,Hadapsar
295,Sumeet,Katraj,Hadapsar
296,Rushi,Aundh,Hadapsar
297,Kuldeep,Baner,Shivaji nagar
298,Prasad,Shivaji nagar,balewadi
299,Sumeet,Katraj,Hadapsar
300,Rushi,Aundh,Hadapsar
301,Kuldeep,Baner,Shivaji nagar
302,Prasad,Shivaji nagar,balewadi
303,Sumeet,Katraj,Hadapsar
304,Rushi,Aundh,Hadapsar
305,Kuldeep,Baner,Shivaji nagar
306,Prasad,Shivaji nagar,balewadi
307,Sumeet,Katraj,Hadapsar
308,Rushi,Aundh,Hadapsar
309,Sumeet,Katraj,Hadapsar
310,Rushi,Aundh,Hadapsar
311,Kuldeep,Baner,Shivaji nagar
312,Prasad,Shivaji nagar,balewadi
313,Sumeet,Katraj,Hadapsar
314,Rushi,Aundh,Hadapsar
315,Kuldeep,Baner,Shivaji nagar
316,Prasad,Shivaji nagar,balewadi
317,Sumeet,Katraj,Hadapsar
318,Rushi,Aundh,Hadapsar
319,Kuldeep,Baner,Shivaji nagar
320,Prasad,Shivaji nagar,balewadi
321,Sumeet,Katraj,Hadapsar
322,Rushi,Aundh,Hadapsar
323,Sumeet,Katraj,Hadapsar
324,Rushi,Aundh,Hadapsar
325,Kuldeep,Baner,Shivaji nagar
326,Prasad,Shivaji nagar,balewadi
327,Sumeet,Katraj,Hadapsar
328,Rushi,Aundh,Hadapsar
329,Kuldeep,Baner,Shivaji nagar
330,Prasad,Shivaji nagar,balewadi
331,Sumeet,Katraj,Hadapsar
332,Rushi,Aundh,Hadapsar
333,Kuldeep,Baner,Shivaji nagar
334,Prasad,Shivaji nagar,balewadi
335,Sumeet,Katraj,Hadapsar
336,Rushi,Aundh,Hadapsar
337,Sumeet,Katraj,Hadapsar
338,Rushi,Aundh,Hadapsar
339,Kuldeep,Baner,Shivaji nagar
340,Prasad,Shivaji nagar,balewadi
341,Sumeet,Katraj,Hadapsar
342,Rushi,Aundh,Hadapsar
343,Kuldeep,Baner,Shivaji nagar
344,Prasad,Shivaji nagar,balewadi
345,Sumeet,Katraj,Hadapsar
346,Rushi,Aundh,Hadapsar
347,Kuldeep,Baner,Shivaji nagar
348,Prasad,Shivaji nagar,balewadi
349,Sumeet,Katraj,Hadapsar
350,Rushi,Aundh,Hadapsar
351,Sumeet,Katraj,Hadapsar
352,Rushi,Aundh,Hadapsar
353,Kuldeep,Baner,Shivaji nagar
354,Prasad,Shivaji nagar,balewadi
355,Sumeet,Katraj,Hadapsar
356,Rushi,Aundh,Hadapsar
357,Kuldeep,Baner,Shivaji nagar
358,Prasad,Shivaji nagar,balewadi
359,Sumeet,Katraj,Hadapsar
360,Rushi,Aundh,Hadapsar
361,Kuldeep,Baner,Shivaji nagar
362,Prasad,Shivaji nagar,balewadi
363,Sumeet,Katraj,Hadapsar
364,Rushi,Aundh,Hadapsar
365,Sumeet,Katraj,Hadapsar
366,Rushi,Aundh,Hadapsar
367,Kuldeep,Baner,Shivaji nagar
368,Prasad,Shivaji nagar,balewadi
369,Sumeet,Katraj,Hadapsar
370,Rushi,Aundh,Hadapsar
371,Kuldeep,Baner,Shivaji nagar
372,Prasad,Shivaji nagar,balewadi
373,Sumeet,Katraj,Hadapsar
374,Rushi,Aundh,Hadapsar
375,Kuldeep,Baner,Shivaji nagar
376,Prasad,Shivaji nagar,balewadi
377,Sumeet,Katraj,Hadapsar
378,Rushi,Aundh,Hadapsar
379,Sumeet,Katraj,Hadapsar
380,Rushi,Aundh,Hadapsar
381,Kuldeep,Baner,Shivaji nagar
382,Prasad,Shivaji nagar,balewadi
383,Sumeet,Katraj,Hadapsar
384,Rushi,Aundh,Hadapsar
385,Kuldeep,Baner,Shivaji nagar
386,Prasad,Shivaji nagar,balewadi
387,Sumeet,Katraj,Hadapsar
388,Rushi,Aundh,Hadapsar
389,Kuldeep,Baner,Shivaji nagar
390,Prasad,Shivaji nagar,balewadi
391,Sumeet,Katraj,Hadapsar
392,Rushi,Aundh,Hadapsar
393,Sumeet,Katraj,Hadapsar
394,Rushi,Aundh,Hadapsar
395,Kuldeep,Baner,Shivaji nagar
396,Prasad,Shivaji nagar,balewadi
397,Sumeet,Katraj,Hadapsar
398,Rushi,Aundh,Hadapsar
399,Kuldeep,Baner,Shivaji nagar
400,Prasad,Shivaji nagar,balewadi
401,Sumeet,Katraj,Hadapsar
402,Rushi,Aundh,Hadapsar
403,Kuldeep,Baner,Shivaji nagar
404,Prasad,Shivaji nagar,balewadi
405,Sumeet,Katraj,Hadapsar
406,Rushi,Aundh,Hadapsar
407,Sumeet,Katraj,Hadapsar
408,Rushi,Aundh,Hadapsar
409,Kuldeep,Baner,Shivaji nagar
410,Prasad,Shivaji nagar,balewadi
411,Sumeet,Katraj,Hadapsar
412,Rushi,Aundh,Hadapsar
413,Kuldeep,Baner,Shivaji nagar
414,Prasad,Shivaji nagar,balewadi
415,Sumeet,Katraj,Hadapsar
416,Rushi,Aundh,Hadapsar
417,Kuldeep,Baner,Shivaji nagar
418,Prasad,Shivaji nagar,balewadi
419,Sumeet,Katraj,Hadapsar
420,Rushi,Aundh,Hadapsar
421,Sumeet,Katraj,Hadapsar
422,Rushi,Aundh,Hadapsar
423,Kuldeep,Baner,Shivaji nagar
424,Prasad,Shivaji nagar,balewadi
425,Sumeet,Katraj,Hadapsar
426,Rushi,Aundh,Hadapsar
427,Kuldeep,Baner,Shivaji nagar
428,Prasad,Shivaji nagar,balewadi
429,Sumeet,Katraj,Hadapsar
430,Rushi,Aundh,Hadapsar
431,Kuldeep,Baner,Shivaji nagar
432,Prasad,Shivaji nagar,balewadi
433,Sumeet,Katraj,Hadapsar
434,Rushi,Aundh,Hadapsar
435,Sumeet,Katraj,Hadapsar
436,Rushi,Aundh,Hadapsar
437,Kuldeep,Baner,Shivaji nagar
438,Prasad,Shivaji nagar,balewadi
439,Sumeet,Katraj,Hadapsar
440,Rushi,Aundh,Hadapsar
441,Kuldeep,Baner,Shivaji nagar
442,Prasad,Shivaji nagar,balewadi
443,Sumeet,Katraj,Hadapsar
444,Rushi,Aundh,Hadapsar
445,Kuldeep,Baner,Shivaji nagar
446,Prasad,Shivaji nagar,balewadi
447,Sumeet,Katraj,Hadapsar
448,Rushi,Aundh,Hadapsar
449,Sumeet,Katraj,Hadapsar
450,Rushi,Aundh,Hadapsar
451,Kuldeep,Baner,Shivaji nagar
452,Prasad,Shivaji nagar,balewadi
453,Sumeet,Katraj,Hadapsar
454,Rushi,Aundh,Hadapsar
455,Kuldeep,Baner,Shivaji nagar
456,Prasad,Shivaji nagar,balewadi
457,Sumeet,Katraj,Hadapsar
458,Rushi,Aundh,Hadapsar
459,Kuldeep,Baner,Shivaji nagar
460,Prasad,Shivaji nagar,balewadi
461,Sumeet,Katraj,Hadapsar
462,Rushi,Aundh,Hadapsar
463,Sumeet,Katraj,Hadapsar
464,Rushi,Aundh,Hadapsar
465,Kuldeep,Baner,Shivaji nagar
466,Prasad,Shivaji nagar,balewadi
467,Sumeet,Katraj,Hadapsar
468,Rushi,Aundh,Hadapsar
469,Kuldeep,Baner,Shivaji nagar
470,Prasad,Shivaji nagar,balewadi
471,Sumeet,Katraj,Hadapsar
472,Rushi,Aundh,Hadapsar
473,Kuldeep,Baner,Shivaji nagar
474,Prasad,Shivaji nagar,balewadi
475,Sumeet,Katraj,Hadapsar
476,Rushi,Aundh,Hadapsar
477,Sumeet,Katraj,Hadapsar
478,Rushi,Aundh,Hadapsar
479,Kuldeep,Baner,Shivaji nagar
480,Prasad,Shivaji nagar,balewadi
481,Sumeet,Katraj,Hadapsar
482,Rushi,Aundh,Hadapsar
483,Kuldeep,Baner,Shivaji nagar
484,Prasad,Shivaji nagar,balewadi
485,Sumeet,Katraj,Hadapsar
486,Rushi,Aundh,Hadapsar
487,Kuldeep,Baner,Shivaji nagar
488,Prasad,Shivaji nagar,balewadi
489,Sumeet,Katraj,Hadapsar
490,Rushi,Aundh,Hadapsar
491,Sumeet,Katraj,Hadapsar
492,Rushi,Aundh,Hadapsar
493,Kuldeep,Baner,Shivaji nagar
494,Prasad,Shivaji nagar,balewadi
495,Sumeet,Katraj,Hadapsar
496,Rushi,Aundh,Hadapsar
497,Kuldeep,Baner,Shivaji nagar
498,Prasad,Shivaji nagar,balewadi
499,Sumeet,Katraj,Hadapsar
500,Rushi,Aundh,Hadapsar
501,Kuldeep,Baner,Shivaji nagar
502,Prasad,Shivaji nagar,balewadi
503,Sumeet,Katraj,Hadapsar
504,Rushi,Aundh,Hadapsar
505,Sumeet,Katraj,Hadapsar
506,Rushi,Aundh,Hadapsar
507,Kuldeep,Baner,Shivaji nagar
508,Prasad,Shivaji nagar,balewadi
509,Sumeet,Katraj,Hadapsar
510,Rushi,Aundh,Hadapsar
511,Kuldeep,Baner,Shivaji nagar
512,Prasad,Shivaji nagar,balewadi
513,Sumeet,Katraj,Hadapsar
514,Rushi,Aundh,Hadapsar
515,Kuldeep,Baner,Shivaji nagar
516,Prasad,Shivaji nagar,balewadi
517,Sumeet,Katraj,Hadapsar
518,Rushi,Aundh,Hadapsar
519,Sumeet,Katraj,Hadapsar
520,Rushi,Aundh,Hadapsar
521,Kuldeep,Baner,Shivaji nagar
522,Prasad,Shivaji nagar,balewadi
523,Sumeet,Katraj,Hadapsar
524,Rushi,Aundh,Hadapsar
525,Kuldeep,Baner,Shivaji nagar
526,Prasad,Shivaji nagar,balewadi
527,Sumeet,Katraj,Hadapsar
528,Rushi,Aundh,Hadapsar
529,Kuldeep,Baner,Shivaji nagar
530,Prasad,Shivaji nagar,balewadi
531,Sumeet,Katraj,Hadapsar
532,Rushi,Aundh,Hadapsar
533,Sumeet,Katraj,Hadapsar
534,Rushi,Aundh,Hadapsar
535,Kuldeep,Baner,Shivaji nagar
536,Prasad,Shivaji nagar,balewadi
537,Sumeet,Katraj,Hadapsar
538,Rushi,Aundh,Hadapsar
539,Kuldeep,Baner,Shivaji nagar
540,Prasad,Shivaji nagar,balewadi
541,Sumeet,Katraj,Hadapsar
542,Rushi,Aundh,Hadapsar
543,Kuldeep,Baner,Shivaji nagar
544,Prasad,Shivaji nagar,balewadi
545,Sumeet,Katraj,Hadapsar
546,Rushi,Aundh,Hadapsar
547,Sumeet,Katraj,Hadapsar
548,Rushi,Aundh,Hadapsar
549,Kuldeep,Baner,Shivaji nagar
550,Prasad,Shivaji nagar,balewadi
551,Sumeet,Katraj,Hadapsar
552,Rushi,Aundh,Hadapsar
553,Kuldeep,Baner,Shivaji nagar
554,Prasad,Shivaji nagar,balewadi
555,Sumeet,Katraj,Hadapsar
556,Rushi,Aundh,Hadapsar
557,Kuldeep,Baner,Shivaji nagar
558,Prasad,Shivaji nagar,balewadi
559,Sumeet,Katraj,Hadapsar
560,Rushi,Aundh,Hadapsar
561,Sumeet,Katraj,Hadapsar
562,Rushi,Aundh,Hadapsar
563,Kuldeep,Baner,Shivaji nagar
564,Prasad,Shivaji nagar,balewadi
565,Sumeet,Katraj,Hadapsar
566,Rushi,Aundh,Hadapsar
567,Kuldeep,Baner,Shivaji nagar
568,Prasad,Shivaji nagar,balewadi
569,Sumeet,Katraj,Hadapsar
570,Rushi,Aundh,Hadapsar
571,Kuldeep,Baner,Shivaji nagar
572,Prasad,Shivaji nagar,balewadi
573,Sumeet,Katraj,Hadapsar
574,Rushi,Aundh,Hadapsar
575,Sumeet,Katraj,Hadapsar
576,Rushi,Aundh,Hadapsar
577,Kuldeep,Baner,Shivaji nagar
578,Prasad,Shivaji nagar,balewadi
579,Sumeet,Katraj,Hadapsar
580,Rushi,Aundh,Hadapsar
581,Kuldeep,Baner,Shivaji nagar
582,Prasad,Shivaji nagar,balewadi
583,Sumeet,Katraj,Hadapsar
584,Rushi,Aundh,Hadapsar
585,Kuldeep,Baner,Shivaji nagar
586,Prasad,Shivaji nagar,balewadi
587,Sumeet,Katraj,Hadapsar
588,Rushi,Aundh,Hadapsar
589,Sumeet,Katraj,Hadapsar
590,Rushi,Aundh,Hadapsar
591,Kuldeep,Baner,Shivaji nagar
592,Prasad,Shivaji nagar,balewadi
593,Sumeet,Katraj,Hadapsar
594,Rushi,Aundh,Hadapsar
595,Kuldeep,Baner,Shivaji nagar
596,Prasad,Shivaji nagar,balewadi
597,Sumeet,Katraj,Hadapsar
598,Rushi,Aundh,Hadapsar
599,Kuldeep,Baner,Shivaji nagar
600,Prasad,Shivaji nagar,balewadi
601,Sumeet,Katraj,Hadapsar
602,Rushi,Aundh,Hadapsar
603,Sumeet,Katraj,Hadapsar
604,Rushi,Aundh,Hadapsar
605,Kuldeep,Baner,Shivaji nagar
606,Prasad,Shivaji nagar,balewadi
607,Sumeet,Katraj,Hadapsar
608,Rushi,Aundh,Hadapsar
609,Kuldeep,Baner,Shivaji nagar
610,Prasad,Shivaji nagar,balewadi
611,Sumeet,Katraj,Hadapsar
612,Rushi,Aundh,Hadapsar
613,Kuldeep,Baner,Shivaji nagar
614,Prasad,Shivaji nagar,balewadi
615,Sumeet,Katraj,Hadapsar
616,Rushi,Aundh,Hadapsar
617,Sumeet,Katraj,Hadapsar
618,Rushi,Aundh,Hadapsar
619,Kuldeep,Baner,Shivaji nagar
620,Prasad,Shivaji nagar,balewadi
621,Sumeet,Katraj,Hadapsar
622,Rushi,Aundh,Hadapsar
623,Kuldeep,Baner,Shivaji nagar
624,Prasad,Shivaji nagar,balewadi
625,Sumeet,Katraj,Hadapsar
626,Rushi,Aundh,Hadapsar
627,Kuldeep,Baner,Shivaji nagar
628,Prasad,Shivaji nagar,balewadi
629,Sumeet,Katraj,Hadapsar
630,Rushi,Aundh,Hadapsar
631,Sumeet,Katraj,Hadapsar
632,Rushi,Aundh,Hadapsar
633,Kuldeep,Baner,Shivaji nagar
634,Prasad,Shivaji nagar,balewadi
635,Sumeet,Katraj,Hadapsar
636,Rushi,Aundh,Hadapsar
637,Kuldeep,Baner,Shivaji nagar
638,Prasad,Shivaji nagar,balewadi
639,Sumeet,Katraj,Hadapsar
640,Rushi,Aundh,Hadapsar
641,Kuldeep,Baner,Shivaji nagar
642,Prasad,Shivaji nagar,balewadi
643,Sumeet,Katraj,Hadapsar
644,Rushi,Aundh,Hadapsar
645,Sumeet,Katraj,Hadapsar
646,Rushi,Aundh,Hadapsar
647,Kuldeep,Baner,Shivaji nagar
648,Prasad,Shivaji nagar,balewadi
649,Sumeet,Katraj,Hadapsar
650,Rushi,Aundh,Hadapsar
651,Kuldeep,Baner,Shivaji nagar
652,Prasad,Shivaji nagar,balewadi
653,Sumeet,Katraj,Hadapsar
654,Rushi,Aundh,Hadapsar
655,Kuldeep,Baner,Shivaji nagar
656,Prasad,Shivaji nagar,balewadi
657,Sumeet,Katraj,Hadapsar
658,Rushi,Aundh,Hadapsar
659,Sumeet,Katraj,Hadapsar
660,Rushi,Aundh,Hadapsar
661,Kuldeep,Baner,Shivaji nagar
662,Prasad,Shivaji nagar,balewadi
663,Sumeet,Katraj,Hadapsar
664,Rushi,Aundh,Hadapsar
665,Kuldeep,Baner,Shivaji nagar
666,Prasad,Shivaji nagar,balewadi
667,Sumeet,Katraj,Hadapsar
668,Rushi,Aundh,Hadapsar
669,Kuldeep,Baner,Shivaji nagar
670,Prasad,Shivaji nagar,balewadi
671,Sumeet,Katraj,Hadapsar
672,Rushi,Aundh,Hadapsar
673,Sumeet,Katraj,Hadapsar
674,Rushi,Aundh,Hadapsar
675,Kuldeep,Baner,Shivaji nagar
676,Prasad,Shivaji nagar,balewadi
677,Sumeet,Katraj,Hadapsar
678,Rushi,Aundh,Hadapsar
679,Kuldeep,Baner,Shivaji nagar
680,Prasad,Shivaji nagar,balewadi
681,Sumeet,Katraj,Hadapsar
682,Rushi,Aundh,Hadapsar
683,Kuldeep,Baner,Shivaji nagar
684,Prasad,Shivaji nagar,balewadi
685,Sumeet,Katraj,Hadapsar
686,Rushi,Aundh,Hadapsar
687,Sumeet,Katraj,Hadapsar
688,Rushi,Aundh,Hadapsar
689,Kuldeep,Baner,Shivaji nagar
690,Prasad,Shivaji nagar,balewadi
691,Sumeet,Katraj,Hadapsar
692,Rushi,Aundh,Hadapsar
693,Kuldeep,Baner,Shivaji nagar
694,Prasad,Shivaji nagar,balewadi
695,Sumeet,Katraj,Hadapsar
696,Rushi,Aundh,Hadapsar
697,Kuldeep,Baner,Shivaji nagar
698,Prasad,Shivaji nagar,balewadi
699,Sumeet,Katraj,Hadapsar
700,Rushi,Aundh,Hadapsar
701,Sumeet,Katraj,Hadapsar
702,Rushi,Aundh,Hadapsar
703,Kuldeep,Baner,Shivaji nagar
704,Prasad,Shivaji nagar,balewadi
705,Sumeet,Katraj,Hadapsar
706,Rushi,Aundh,Hadapsar
707,Kuldeep,Baner,Shivaji nagar
708,Prasad,Shivaji nagar,balewadi
709,Sumeet,Katraj,Hadapsar
710,Rushi,Aundh,Hadapsar
711,Kuldeep,Baner,Shivaji nagar
712,Prasad,Shivaji nagar,balewadi
713,Sumeet,Katraj,Hadapsar
714,Rushi,Aundh,Hadapsar
715,Sumeet,Katraj,Hadapsar
716,Rushi,Aundh,Hadapsar
717,Kuldeep,Baner,Shivaji nagar
718,Prasad,Shivaji nagar,balewadi
719,Sumeet,Katraj,Hadapsar
720,Rushi,Aundh,Hadapsar
721,Kuldeep,Baner,Shivaji nagar
722,Prasad,Shivaji nagar,balewadi
723,Sumeet,Katraj,Hadapsar
724,Rushi,Aundh,Hadapsar
725,Kuldeep,Baner,Shivaji nagar
726,Prasad,Shivaji nagar,balewadi
727,Sumeet,Katraj,Hadapsar
728,Rushi,Aundh,Hadapsar
729,Sumeet,Katraj,Hadapsar
730,Rushi,Aundh,Hadapsar
731,Kuldeep,Baner,Shivaji nagar
732,Prasad,Shivaji nagar,balewadi
733,Sumeet,Katraj,Hadapsar
734,Rushi,Aundh,Hadapsar
735,Kuldeep,Baner,Shivaji nagar
736,Prasad,Shivaji nagar,balewadi
737,Sumeet,Katraj,Hadapsar
738,Rushi,Aundh,Hadapsar
739,Kuldeep,Baner,Shivaji nagar
740,Prasad,Shivaji nagar,balewadi
741,Sumeet,Katraj,Hadapsar
742,Rushi,Aundh,Hadapsar
743,Sumeet,Katraj,Hadapsar
744,Rushi,Aundh,Hadapsar
745,Kuldeep,Baner,Shivaji nagar
746,Prasad,Shivaji nagar,balewadi
747,Sumeet,Katraj,Hadapsar
748,Rushi,Aundh,Hadapsar
749,Kuldeep,Baner,Shivaji nagar
750,Prasad,Shivaji nagar,balewadi
751,Sumeet,Katraj,Hadapsar
752,Rushi,Aundh,Hadapsar
753,Kuldeep,Baner,Shivaji nagar
754,Prasad,Shivaji nagar,balewadi
755,Sumeet,Katraj,Hadapsar
756,Rushi,Aundh,Hadapsar
757,Sumeet,Katraj,Hadapsar
758,Rushi,Aundh,Hadapsar
759,Kuldeep,Baner,Shivaji nagar
760,Prasad,Shivaji nagar,balewadi
761,Sumeet,Katraj,Hadapsar
762,Rushi,Aundh,Hadapsar
763,Kuldeep,Baner,Shivaji nagar
764,Prasad,Shivaji nagar,balewadi
765,Sumeet,Katraj,Hadapsar
766,Rushi,Aundh,Hadapsar
767,Kuldeep,Baner,Shivaji nagar
768,Prasad,Shivaji nagar,balewadi
769,Sumeet,Katraj,Hadapsar
770,Rushi,Aundh,Hadapsar
771,Sumeet,Katraj,Hadapsar
772,Rushi,Aundh,Hadapsar
773,Kuldeep,Baner,Shivaji nagar
774,Prasad,Shivaji nagar,balewadi
775,Sumeet,Katraj,Hadapsar
776,Rushi,Aundh,Hadapsar
777,Kuldeep,Baner,Shivaji nagar
778,Prasad,Shivaji nagar,balewadi
779,Sumeet,Katraj,Hadapsar
780,Rushi,Aundh,Hadapsar
781,Kuldeep,Baner,Shivaji nagar
782,Prasad,Shivaji nagar,balewadi
783,Sumeet,Katraj,Hadapsar
784,Rushi,Aundh,Hadapsar
785,Sumeet,Katraj,Hadapsar
786,Rushi,Aundh,Hadapsar
787,Kuldeep,Baner,Shivaji nagar
788,Prasad,Shivaji nagar,balewadi
789,Sumeet,Katraj,Hadapsar
790,Rushi,Aundh,Hadapsar
791,Kuldeep,Baner,Shivaji nagar
792,Prasad,Shivaji nagar,balewadi
793,Sumeet,Katraj,Hadapsar
794,Rushi,Aundh,Hadapsar
795,Kuldeep,Baner,Shivaji nagar
796,Prasad,Shivaji nagar,balewadi
797,Sumeet,Katraj,Hadapsar
798,Rushi,Aundh,Hadapsar
799,Sumeet,Katraj,Hadapsar
800,Rushi,Aundh,Hadapsar
801,Kuldeep,Baner,Shivaji nagar
802,Prasad,Shivaji nagar,balewadi
803,Sumeet,Katraj,Hadapsar
804,Rushi,Aundh,Hadapsar
805,Kuldeep,Baner,Shivaji nagar
806,Prasad,Shivaji nagar,balewadi
807,Sumeet,Katraj,Hadapsar
808,Rushi,Aundh,Hadapsar
809,Kuldeep,Baner,Shivaji nagar
810,Prasad,Shivaji nagar,balewadi
811,Sumeet,Katraj,Hadapsar
812,Rushi,Aundh,Hadapsar
813,Sumeet,Katraj,Hadapsar
814,Rushi,Aundh,Hadapsar
815,Kuldeep,Baner,Shivaji nagar
816,Prasad,Shivaji nagar,balewadi
817,Sumeet,Katraj,Hadapsar
818,Rushi,Aundh,Hadapsar
819,Kuldeep,Baner,Shivaji nagar
820,Prasad,Shivaji nagar,balewadi
821,Sumeet,Katraj,Hadapsar
822,Rushi,Aundh,Hadapsar
823,Kuldeep,Baner,Shivaji nagar
824,Prasad,Shivaji nagar,balewadi
825,Sumeet,Katraj,Hadapsar
826,Rushi,Aundh,Hadapsar
827,Sumeet,Katraj,Hadapsar
828,Rushi,Aundh,Hadapsar
829,Kuldeep,Baner,Shivaji nagar
830,Prasad,Shivaji nagar,balewadi
831,Sumeet,Katraj,Hadapsar
832,Rushi,Aundh,Hadapsar
833,Kuldeep,Baner,Shivaji nagar
834,Prasad,Shivaji nagar,balewadi
835,Sumeet,Katraj,Hadapsar
836,Rushi,Aundh,Hadapsar
837,Kuldeep,Baner,Shivaji nagar
838,Prasad,Shivaji nagar,balewadi
839,Sumeet,Katraj,Hadapsar
840,Rushi,Aundh,Hadapsar
841,Sumeet,Katraj,Hadapsar
842,Rushi,Aundh,Hadapsar
843,Kuldeep,Baner,Shivaji nagar
844,Prasad,Shivaji nagar,balewadi
845,Sumeet,Katraj,Hadapsar
846,Rushi,Aundh,Hadapsar
847,Kuldeep,Baner,Shivaji nagar
848,Prasad,Shivaji nagar,balewadi
849,Sumeet,Katraj,Hadapsar
850,Rushi,Aundh,Hadapsar
851,Kuldeep,Baner,Shivaji nagar
852,Prasad,Shivaji nagar,balewadi
853,Sumeet,Katraj,Hadapsar
854,Rushi,Aundh,Hadapsar
855,Sumeet,Katraj,Hadapsar
856,Rushi,Aundh,Hadapsar
857,Kuldeep,Baner,Shivaji nagar
858,Prasad,Shivaji nagar,balewadi
859,Sumeet,Katraj,Hadapsar
860,Rushi,Aundh,Hadapsar
861,Kuldeep,Baner,Shivaji nagar
862,Prasad,Shivaji nagar,balewadi
863,Sumeet,Katraj,Hadapsar
864,Rushi,Aundh,Hadapsar
865,Kuldeep,Baner,Shivaji nagar
866,Prasad,Shivaji nagar,balewadi
867,Sumeet,Katraj,Hadapsar
868,Rushi,Aundh,Hadapsar
869,Sumeet,Katraj,Hadapsar
870,Rushi,Aundh,Hadapsar
871,Kuldeep,Baner,Shivaji nagar
872,Prasad,Shivaji nagar,balewadi
873,Sumeet,Katraj,Hadapsar
874,Rushi,Aundh,Hadapsar
875,Kuldeep,Baner,Shivaji nagar
876,Prasad,Shivaji nagar,balewadi
877,Sumeet,Katraj,Hadapsar
878,Rushi,Aundh,Hadapsar
879,Kuldeep,Baner,Shivaji nagar
880,Prasad,Shivaji nagar,balewadi
881,Sumeet,Katraj,Hadapsar
882,Rushi,Aundh,Hadapsar
883,Sumeet,Katraj,Hadapsar
884,Rushi,Aundh,Hadapsar
885,Kuldeep,Baner,Shivaji nagar
886,Prasad,Shivaji nagar,balewadi
887,Sumeet,Katraj,Hadapsar
888,Rushi,Aundh,Hadapsar
889,Kuldeep,Baner,Shivaji nagar
890,Prasad,Shivaji nagar,balewadi
891,Sumeet,Katraj,Hadapsar
892,Rushi,Aundh,Hadapsar
893,Kuldeep,Baner,Shivaji nagar
894,Prasad,Shivaji nagar,balewadi
895,Sumeet,Katraj,Hadapsar
896,Rushi,Aundh,Hadapsar
897,Sumeet,Katraj,Hadapsar
898,Rushi,Aundh,Hadapsar
899,Kuldeep,Baner,Shivaji nagar
900,Prasad,Shivaji nagar,balewadi
901,Sumeet,Katraj,Hadapsar
902,Rushi,Aundh,Hadapsar
903,Kuldeep,Baner,Shivaji nagar
904,Prasad,Shivaji nagar,balewadi
905,Sumeet,Katraj,Hadapsar
906,Rushi,Aundh,Hadapsar
907,Kuldeep,Baner,Shivaji nagar
908,Prasad,Shivaji nagar,balewadi
909,Sumeet,Katraj,Hadapsar
910,Rushi,Aundh,Hadapsar
911,Sumeet,Katraj,Hadapsar
912,Rushi,Aundh,Hadapsar
913,Kuldeep,Baner,Shivaji nagar
914,Prasad,Shivaji nagar,balewadi
915,Sumeet,Katraj,Hadapsar
916,Rushi,Aundh,Hadapsar
917,Kuldeep,Baner,Shivaji nagar
918,Prasad,Shivaji nagar,balewadi
919,Sumeet,Katraj,Hadapsar
920,Rushi,Aundh,Hadapsar
921,Kuldeep,Baner,Shivaji nagar
922,Prasad,Shivaji nagar,balewadi
923,Sumeet,Katraj,Hadapsar
924,Rushi,Aundh,Hadapsar
925,Sumeet,Katraj,Hadapsar
926,Rushi,Aundh,Hadapsar
927,Kuldeep,Baner,Shivaji nagar
928,Prasad,Shivaji nagar,balewadi
929,Sumeet,Katraj,Hadapsar
930,Rushi,Aundh,Hadapsar
931,Kuldeep,Baner,Shivaji nagar
932,Prasad,Shivaji nagar,balewadi
933,Sumeet,Katraj,Hadapsar
934,Rushi,Aundh,Hadapsar
935,Kuldeep,Baner,Shivaji nagar
936,Prasad,Shivaji nagar,balewadi
937,Sumeet,Katraj,Hadapsar
938,Rushi,Aundh,Hadapsar
939,Sumeet,Katraj,Hadapsar
940,Rushi,Aundh,Hadapsar
941,Kuldeep,Baner,Shivaji nagar
942,Prasad,Shivaji nagar,balewadi
943,Sumeet,Katraj,Hadapsar
944,Rushi,Aundh,Hadapsar
945,Kuldeep,Baner,Shivaji nagar
946,Prasad,Shivaji nagar,balewadi
947,Sumeet,Katraj,Hadapsar
948,Rushi,Aundh,Hadapsar
949,Kuldeep,Baner,Shivaji nagar
950,Prasad,Shivaji nagar,balewadi
951,Sumeet,Katraj,Hadapsar
952,Rushi,Aundh,Hadapsar
953,Sumeet,Katraj,Hadapsar
954,Rushi,Aundh,Hadapsar
955,Kuldeep,Baner,Shivaji nagar
956,Prasad,Shivaji nagar,balewadi
957,Sumeet,Katraj,Hadapsar
958,Rushi,Aundh,Hadapsar
959,Kuldeep,Baner,Shivaji nagar
960,Prasad,Shivaji nagar,balewadi
961,Sumeet,Katraj,Hadapsar
962,Rushi,Aundh,Hadapsar
963,Kuldeep,Baner,Shivaji nagar
964,Prasad,Shivaji nagar,balewadi
965,Sumeet,Katraj,Hadapsar
966,Rushi,Aundh,Hadapsar
967,Sumeet,Katraj,Hadapsar
968,Rushi,Aundh,Hadapsar
969,Kuldeep,Baner,Shivaji nagar
970,Prasad,Shivaji nagar,balewadi
971,Sumeet,Katraj,Hadapsar
972,Rushi,Aundh,Hadapsar
973,Kuldeep,Baner,Shivaji nagar
974,Prasad,Shivaji nagar,balewadi
975,Sumeet,Katraj,Hadapsar
976,Rushi,Aundh,Hadapsar
977,Kuldeep,Baner,Shivaji nagar
978,Prasad,Shivaji nagar,balewadi
979,Sumeet,Katraj,Hadapsar
980,Rushi,Aundh,Hadapsar
981,Sumeet,Katraj,Hadapsar
982,Rushi,Aundh,Hadapsar
983,Kuldeep,Baner,Shivaji nagar
984,Prasad,Shivaji nagar,balewadi
985,Sumeet,Katraj,Hadapsar
986,Rushi,Aundh,Hadapsar
987,Kuldeep,Baner,Shivaji nagar
988,Prasad,Shivaji nagar,balewadi
989,Sumeet,Katraj,Hadapsar
990,Rushi,Aundh,Hadapsar
991,Kuldeep,Baner,Shivaji nagar
992,Prasad,Shivaji nagar,balewadi
993,Sumeet,Katraj,Hadapsar
994,Rushi,Aundh,Hadapsar
995,Sumeet,Katraj,Hadapsar
996,Rushi,Aundh,Hadapsar
997,Kuldeep,Baner,Shivaji nagar
998,Prasad,Shivaji nagar,balewadi
999,Sumeet,Katraj,Hadapsar
